Time,x
0.0,1.0
0.14285714285714285,0.9898132604466151
0.2857142857142857,0.9594605811119173
0.42857142857142855,0.9095603516741667
0.5714285714285714,0.8411292134152362
0.7142857142857142,0.7555613467006966
0.8571428571428571,0.6546000666752676
1.0,0.5403023058681398
